Datetime,Water Level (m)
2026-02-04 00:00:00,0.67363584
2026-02-04 01:00:00,0.39207697
2026-02-04 02:00:00,0.15623248
2026-02-04 03:00:00,-0.05222845
2026-02-04 04:00:00,-0.27518368
2026-02-04 05:00:00,-0.49418962
2026-02-04 06:00:00,-0.6558451
2026-02-04 07:00:00,-0.7641973
2026-02-04 08:00:00,-0.45769274
2026-02-04 09:00:00,-0.02001475
2026-02-04 10:00:00,0.353436
2026-02-04 11:00:00,0.60787046
2026-02-04 12:00:00,0.62088984
2026-02-04 13:00:00,0.4248647
2026-02-04 14:00:00,0.16621979
2026-02-04 15:00:00,-0.042292375
2026-02-04 16:00:00,-0.24664913
2026-02-04 17:00:00,-0.46504825
2026-02-04 18:00:00,-0.63774675
2026-02-04 19:00:00,-0.72786427
2026-02-04 20:00:00,-0.36507162
2026-02-04 21:00:00,0.05660318
2026-02-04 22:00:00,0.46700263
2026-02-04 23:00:00,0.74064285
2026-02-05 00:00:00,0.78707457
2026-02-05 01:00:00,0.58660823
2026-02-05 02:00:00,0.30989295
2026-02-05 03:00:00,0.083928995
2026-02-05 04:00:00,-0.12494782
2026-02-05 05:00:00,-0.35595614
2026-02-05 06:00:00,-0.55151796
2026-02-05 07:00:00,-0.701379
2026-02-05 08:00:00,-0.7090023
2026-02-05 09:00:00,-0.22678164
2026-02-05 10:00:00,0.10847272
2026-02-05 11:00:00,0.46001953
2026-02-05 12:00:00,0.5494301
2026-02-05 13:00:00,0.48714453
2026-02-05 14:00:00,0.2391629
2026-02-05 15:00:00,0.023341855
2026-02-05 16:00:00,-0.17247021
2026-02-05 17:00:00,-0.3829045
2026-02-05 18:00:00,-0.5712481
2026-02-05 19:00:00,-0.713851
2026-02-05 20:00:00,-0.7120928
2026-02-05 21:00:00,-0.255748
2026-02-05 22:00:00,0.099536695
2026-02-05 23:00:00,0.47055888
2026-02-06 00:00:00,0.6093559
2026-02-06 01:00:00,0.5676987
2026-02-06 02:00:00,0.31345928
2026-02-06 03:00:00,0.08505419
2026-02-06 04:00:00,-0.114838086
2026-02-06 05:00:00,-0.32793105
2026-02-06 06:00:00,-0.5332827
2026-02-06 07:00:00,-0.69146514
2026-02-06 08:00:00,-0.8008818
2026-02-06 09:00:00,-0.53679144
2026-02-06 10:00:00,-0.1417942
2026-02-06 11:00:00,0.19219162
2026-02-06 12:00:00,0.4531417
2026-02-06 13:00:00,0.50127786
2026-02-06 14:00:00,0.3615116
2026-02-06 15:00:00,0.11884958
2026-02-06 16:00:00,-0.079938844
2026-02-06 17:00:00,-0.27206615
2026-02-06 18:00:00,-0.47512335
2026-02-06 19:00:00,-0.6398337
2026-02-06 20:00:00,-0.74218285
2026-02-06 21:00:00,-0.52079576
2026-02-06 22:00:00,-0.13440461
2026-02-06 23:00:00,0.18735625
2026-02-07 00:00:00,0.44769692
2026-02-07 01:00:00,0.49009082
2026-02-07 02:00:00,0.35462072
2026-02-07 03:00:00,0.117304444
2026-02-07 04:00:00,-0.07992565
2026-02-07 05:00:00,-0.27515686
2026-02-07 06:00:00,-0.4804841
2026-02-07 07:00:00,-0.6503718
2026-02-07 08:00:00,-0.7831843
2026-02-07 09:00:00,-0.7702872
2026-02-07 10:00:00,-0.38094643
2026-02-07 11:00:00,-0.06603555
2026-02-07 12:00:00,0.25545618
2026-02-07 13:00:00,0.4107121
2026-02-07 14:00:00,0.42396116
2026-02-07 15:00:00,0.22476602
2026-02-07 16:00:00,0.01399004
2026-02-07 17:00:00,-0.17443353
2026-02-07 18:00:00,-0.36433375
2026-02-07 19:00:00,-0.55003256
2026-02-07 20:00:00,-0.6835865
2026-02-07 21:00:00,-0.6869841
2026-02-07 22:00:00,-0.371472
2026-02-07 23:00:00,-0.10184494
2026-02-08 00:00:00,0.16417933
2026-02-08 01:00:00,0.29357558
2026-02-08 02:00:00,0.27530038
2026-02-08 03:00:00,0.0952032
2026-02-08 04:00:00,-0.09263667
2026-02-08 05:00:00,-0.273513
2026-02-08 06:00:00,-0.46563166
2026-02-08 07:00:00,-0.6340259
2026-02-08 08:00:00,-0.7708683
2026-02-08 09:00:00,-0.8457538
2026-02-08 10:00:00,-0.62219626
2026-02-08 11:00:00,-0.30098382
2026-02-08 12:00:00,-0.026032386
2026-02-08 13:00:00,0.24218869
2026-02-08 14:00:00,0.35654923
2026-02-08 15:00:00,0.30673426
2026-02-08 16:00:00,0.100183815
2026-02-08 17:00:00,-0.089253865
2026-02-08 18:00:00,-0.26358342
2026-02-08 19:00:00,-0.44646832
2026-02-08 20:00:00,-0.602591
2026-02-08 21:00:00,-0.6884919
2026-02-08 22:00:00,-0.576914
2026-02-08 23:00:00,-0.3365869
2026-02-09 00:00:00,-0.1190727
2026-02-09 01:00:00,0.082167625
2026-02-09 02:00:00,0.14268138
2026-02-09 03:00:00,0.076085575
2026-02-09 04:00:00,-0.08412133
2026-02-09 05:00:00,-0.24847879
2026-02-09 06:00:00,-0.4228458
2026-02-09 07:00:00,-0.5865928
2026-02-09 08:00:00,-0.719202
2026-02-09 09:00:00,-0.8197931
2026-02-09 10:00:00,-0.77887833
2026-02-09 11:00:00,-0.50320035
2026-02-09 12:00:00,-0.24190184
2026-02-09 13:00:00,0.015216774
2026-02-09 14:00:00,0.21992594
2026-02-09 15:00:00,0.32455137
2026-02-09 16:00:00,0.23909982
2026-02-09 17:00:00,0.052129485
2026-02-09 18:00:00,-0.12663737
2026-02-09 19:00:00,-0.28468525
2026-02-09 20:00:00,-0.45010564
2026-02-09 21:00:00,-0.57708657
2026-02-09 22:00:00,-0.62109196
2026-02-09 23:00:00,-0.5164975
2026-02-10 00:00:00,-0.35618556
